,set,scores_mv,scores_bm,scores_staple,scores_nw_simple,scores_simple
0,,0.7880414104747755,0.8326101968983215,0.8212465955241023,0.7896965333164573,0.7880414104747755
