,set,scores_mv,scores_bm,scores_staple,scores_nw_simple,scores_simple
0,,0.8232804269193317,0.8688751274227531,0.8635729223603112,0.8268393018046076,0.8232804269193317
