,set,scores_mv,scores_bm,scores_staple,scores_nw_simple,scores_simple
0,,0.8093865221243568,0.828868432759644,0.8220089412983642,0.7948078645908068,0.7079364012361047
