,set,scores_mv,scores_bm,scores_staple,scores_nw_simple,scores_simple
0,,0.8655848974559175,0.8828479178175057,0.8644376064387378,0.8478551575379928,0.8655848974559175
